<?xml version="1.0"?>
<faces-config xmlns="http://xmlns.jcp.org/xml/ns/javaee"
              xmlns:xsi="http://www.w3.org/2001/XMLSchema-instance"
              xsi:schemaLocation="http://xmlns.jcp.org/xml/ns/javaee http://xmlns.jcp.org/xml/ns/javaee/web-facesconfig_2_2.xsd"
              version="2.2">

    <application>
        <locale-config>
            <default-locale>en</default-locale>
            <supported-locale>tr_TR</supported-locale>
        </locale-config>
        <resource-bundle>
            <base-name>messages</base-name>
            <var>msg</var>
        </resource-bundle>

        <resource-handler>org.omnifaces.resourcehandler.UnmappedResourceHandler</resource-handler>

        <action-listener>
            org.primefaces.application.DialogActionListener
        </action-listener>
        <navigation-handler>
            org.primefaces.application.DialogNavigationHandler
        </navigation-handler>
        <view-handler>
            org.primefaces.application.DialogViewHandler
        </view-handler>

        <el-resolver>
            org.primefaces.application.exceptionhandler.PrimeExceptionHandlerELResolver
        </el-resolver>
    </application>

    <factory>
        <exception-handler-factory>
            org.primefaces.application.exceptionhandler.PrimeExceptionHandlerFactory
        </exception-handler-factory>
    </factory>

</faces-config>